{"cameraMode":{"drawMode":0,"name":"Shaded","section":"Shading Mode"},"sceneLighting":true,"audioPlay":false,"sceneViewState":{"showFog":true,"showMaterialUpdate":false,"showSkybox":true,"showFlares":true,"showImageEffects":true,"showParticleSystems":true},"in2DMode":false,"pivot":{"x":9.239006042480469,"y":-21.488815307617189,"z":-79.94756317138672},"rotation":{"x":-0.3416857421398163,"y":0.47509175539016726,"z":-0.20705674588680268,"w":-0.7840064764022827},"size":96.18488311767578,"orthographic":false}