{"cameraMode":{"drawMode":0,"name":"Shaded","section":"Shading Mode"},"sceneLighting":false,"audioPlay":false,"sceneViewState":{"showFog":true,"showMaterialUpdate":false,"showSkybox":true,"showFlares":true,"showImageEffects":true,"showParticleSystems":true},"in2DMode":false,"pivot":{"x":-134.33999633789063,"y":1.0160000324249268,"z":-96.33999633789063},"rotation":{"x":-0.25691282749176028,"y":0.4665847420692444,"z":-0.1437252163887024,"w":-0.8340489268302918},"size":5.997996807098389,"orthographic":false}