{"cameraMode":{"drawMode":0,"name":"Shaded","section":"Shading Mode"},"sceneLighting":false,"audioPlay":false,"sceneViewState":{"showFog":true,"showMaterialUpdate":false,"showSkybox":true,"showFlares":true,"showImageEffects":true,"showParticleSystems":true},"in2DMode":false,"pivot":{"x":-133.83987426757813,"y":8.414109230041504,"z":-103.92198944091797},"rotation":{"x":-0.14552271366119386,"y":0.8499065041542053,"z":-0.3071734607219696,"w":-0.40264949202537539},"size":18.104867935180665,"orthographic":false}