{"cameraMode":{"drawMode":0,"name":"Shaded","section":"Shading Mode"},"sceneLighting":false,"audioPlay":false,"sceneViewState":{"showFog":true,"showMaterialUpdate":false,"showSkybox":true,"showFlares":true,"showImageEffects":true,"showParticleSystems":true},"in2DMode":false,"pivot":{"x":-134.33999633789063,"y":1.0160000324249268,"z":-96.33999633789063},"rotation":{"x":-0.07637345045804978,"y":-0.9227462410926819,"z":0.24528126418590547,"w":-0.2873041033744812},"size":5.997996807098389,"orthographic":false}