{"cameraMode":{"drawMode":0,"name":"Shaded","section":"Shading Mode"},"sceneLighting":false,"audioPlay":false,"sceneViewState":{"showFog":true,"showMaterialUpdate":false,"showSkybox":true,"showFlares":true,"showImageEffects":true,"showParticleSystems":true},"in2DMode":false,"pivot":{"x":90.19847869873047,"y":2.3499999046325685,"z":6.130000114440918},"rotation":{"x":-0.10919326543807984,"y":0.8335184454917908,"z":-0.17793072760105134,"w":-0.5115315914154053},"size":5.779482841491699,"orthographic":false}