{"cameraMode":{"drawMode":0,"name":"Shaded","section":"Shading Mode"},"sceneLighting":false,"audioPlay":false,"sceneViewState":{"showFog":true,"showMaterialUpdate":false,"showSkybox":true,"showFlares":true,"showImageEffects":true,"showParticleSystems":true},"in2DMode":false,"pivot":{"x":46.29999923706055,"y":15.932181358337403,"z":-0.6999998092651367},"rotation":{"x":-0.3349533975124359,"y":0.42787158489227297,"z":-0.17453762888908387,"w":-0.8211387395858765},"size":86.75408935546875,"orthographic":false}