{"cameraMode":{"drawMode":0,"name":"Shaded","section":"Shading Mode"},"sceneLighting":false,"audioPlay":false,"sceneViewState":{"showFog":true,"showMaterialUpdate":false,"showSkybox":true,"showFlares":true,"showImageEffects":true,"showParticleSystems":true},"in2DMode":false,"pivot":{"x":255.13609313964845,"y":84.62242126464844,"z":7.81756591796875},"rotation":{"x":-0.23447829484939576,"y":0.12823031842708589,"z":-0.03122074156999588,"w":-0.9631211161613464},"size":857.74462890625,"orthographic":false}