{"cameraMode":{"drawMode":0,"name":"Shaded","section":"Shading Mode"},"sceneLighting":true,"audioPlay":false,"sceneViewState":{"showFog":true,"showMaterialUpdate":false,"showSkybox":true,"showFlares":true,"showImageEffects":true,"showParticleSystems":true},"in2DMode":false,"pivot":{"x":39.3480224609375,"y":16.68231201171875,"z":23.009735107421876},"rotation":{"x":-0.11402935534715653,"y":0.8858765959739685,"z":-0.3246864676475525,"w":-0.3111249804496765},"size":146.97105407714845,"orthographic":false}